cliente_id,perfil_real,interes_gpu,interes_cpu,interes_ram,interes_refrig,interes_fuente,presupuesto
158,Disenador,0.8150201177958661,0.8400824136220617,1.0,0.5929915233673847,0.49744748290752616,854.0459650593777
342,Oficina,0.20002070649181972,0.44906996788613857,0.36721052834870826,0.2655190683858979,0.43250982646676345,219.93046764336495
316,Oficina,0.25462842480036996,0.4506422269810938,0.35636141094734314,0.2390390196074169,0.34116370407946645,294.49834551768083
235,Oficina,0.29960476858058166,0.37432049114305394,0.2578189333258156,0.40013336519554865,0.3177320161157864,312.3750475317429
156,Disenador,0.6944800473306801,1.0,0.7841588879667005,0.4801194043379917,0.6940014450053332,948.9728878236945
275,Oficina,0.09376064718531203,0.49283070972076487,0.38128557349954517,0.3485729995679863,0.4687386051564751,738.4345463027921
305,Oficina,0.21686546719667277,0.4941940649569409,0.2909600922557154,0.39109323797462703,0.3401411867715738,352.82744344172716
228,Oficina,0.21195803684141534,0.35269310591184444,0.5196571501664492,0.234147042697303,0.3472695460490068,210.00980613902058
279,Oficina,0.28406200265045534,0.5046733568201379,0.3761067900830306,0.21331755881853123,0.31082418509561777,211.63847232522463
186,Disenador,0.7309317599236653,0.8717432873179722,0.9696054184551004,0.7495681887972604,0.6650418905143577,1382.4805012331126
76,Gamer,0.8437320902726828,0.7955142320501238,0.5014273953664456,0.7004046515517844,0.6469742381627559,482.8508670950623
125,Disenador,0.8017659020469123,0.7774256186846534,0.9149413411581663,0.6244617067646677,0.5888482197008051,496.66945157588884
169,Disenador,0.8549552715319335,0.7964764788439431,1.0,0.71975996046924,0.8575260872625265,855.4060909552161
127,Disenador,0.799331790088089,0.8684836123694873,0.8313313775855029,0.7700309879408991,0.5924362173762227,1261.0049073226808
174,Disenador,0.7724451818559972,0.9547098302612155,1.0,0.6541115737131059,0.7578680833431296,1180.7457652496464
40,Gamer,1.0,0.7633919022318011,0.39748574133423925,0.6686454314769428,0.6338213535231612,1140.9733339184895
298,Oficina,0.04952796259689979,0.5260055963689603,0.40824397529345036,0.10424485005350695,0.31907909229501363,237.1765391614125
78,Gamer,0.7800274492007414,0.7213979910734222,0.588767195030917,0.6279030400466777,0.7614166700043424,1103.003084018922
57,Gamer,0.7674502803207488,0.6678614158347006,0.6412931454275624,0.5936275447196026,0.6177779604433569,897.4748845967649
119,Gamer,0.6418070592116277,0.8696456368290038,0.6211017467202619,0.6403286888129608,0.645508091319105,959.6544457408284
234,Oficina,0.32004139079444255,0.38431057210286046,0.2953089017318061,0.30366527525272863,0.4685704154662997,457.84299659976
46,Gamer,0.9941273289066115,0.5564137848820561,0.716316375215496,0.6510233061019587,0.6018491348952049,984.8413897053083
183,Disenador,0.822762954363698,0.8551945885807299,0.9586112061772464,0.6919283419891418,0.6578635190316091,200.89965773394613
273,Oficina,0.1356450167682538,0.5529960817581161,0.3665224667893459,0.20963515367580032,0.2544877420650647,413.5398598390192
83,Gamer,0.8577368307647618,0.6138715798671736,0.7523124077269657,0.7038910043684659,0.5962753845673543,723.8645287665568
26,Gamer,0.8750492850345877,0.7346448209496975,0.5319975278421509,0.6732253697161004,0.7293072473298681,514.2594327894528
239,Oficina,0.1778746376414228,0.42231867001110796,0.4307406697809101,0.3315737212539297,0.4360473488359745,262.53838421465923
10,Gamer,0.9530999522495951,0.7931280119116199,0.5160782476777361,0.6190787624148786,0.7331263431403563,1190.2180508489437
94,Gamer,0.8894452142378296,0.6579015519179736,0.6289774856896413,0.857540079864544,0.7871124703431692,669.5905871328636
196,Disenador,0.8258928589786765,0.8781191423969376,0.9083360883161501,0.6937406872100477,0.5746035411133323,1059.662461566613
295,Oficina,0.17539375118700515,0.36567534046838085,0.6170942717497814,0.23241141875676635,0.3623204806784485,432.72280640607016
178,Disenador,0.8648765700372103,0.6760286221221901,0.8710047246877495,0.5880330105373855,0.5205318524279094,1780.4133936892597
23,Gamer,0.7437696286273895,0.7473592430635181,0.5080575765766197,0.804993440501754,0.6216746707663763,671.1753935177297
120,Gamer,0.8462365297575152,0.8103301882016521,0.611422764866204,0.6650301761461878,0.6636387787786143,777.221750511573
283,Oficina,0.2871297297457244,0.3154020319753251,0.4126379579546412,0.4438928999058285,0.2499668675394425,248.33825442127227
56,Gamer,0.8487753227153085,0.6102745628514168,0.6075804558193726,0.5822838288487888,0.797511973341775,741.1770473991445
43,Gamer,1.0,0.8032465260551147,0.4480630034045986,0.6015765927133749,0.8266911149186622,516.9322137524878
31,Gamer,0.9125667347765006,0.6142842443583717,0.49291075019388875,0.6982472415243186,0.6776537214674149,1085.6001976368368
209,Oficina,0.22337859117907477,0.2944104353796373,0.43308802322144574,0.3333528961608925,0.15062643574285442,406.10848547713584
310,Oficina,0.30005823180429786,0.3829379790923355,0.5392465300064329,0.22499534854010472,0.3788693629279857,389.0482758156831
114,Gamer,0.9435678393147461,0.8271555094994159,0.6721672064043235,0.537094822878277,0.6475479733720226,995.7498244911673
85,Gamer,0.7849357430878173,0.6512874616235304,0.5407606075761131,0.5636009230320185,0.7048521627944827,467.6199534355849
338,Oficina,0.33606585958386515,0.3191179600880888,0.09804878441791748,0.2683849544753695,0.5300511181510854,535.8419529409156
6,Gamer,0.7898293387770603,0.8852278184508937,0.5986502775262066,0.54422890710441,0.7822544912103189,311.6625400115911
250,Oficina,0.35421099525678756,0.6506092888159123,0.6061503576636398,0.37083662305931425,0.4524062525811462,438.87904238017745
153,Disenador,0.7749383683710755,1.0,0.8923763574090439,0.7279021525770338,0.7107896509716539,1293.3045615781791
58,Gamer,0.8744966571108722,0.649305682462887,0.5528961694381677,0.6732049937357637,0.5551915658502675,237.0144902493779
289,Oficina,0.23672873134013409,0.6338183676795123,0.3776534017628148,0.21506832038818025,0.3480580394112267,304.5230325748587
74,Gamer,0.6796617560644845,0.6944452301103381,0.6384065448939307,0.6467305251905907,0.4932557899960123,764.3519841948846
324,Oficina,0.30857863249393475,0.45979831534708954,0.43080505395041024,0.21083514325782088,0.3769126941245107,298.52115867538845
339,Oficina,0.2209659415274626,0.4008363814367953,0.48071225966373105,0.15264538002955313,0.3976357769356219,425.820523874994
4,Gamer,0.7591975924478789,0.5587696298664708,0.7465648768921553,0.6274223699513465,0.7067528204687923,230.10072551461724
109,Gamer,0.8269065469791321,0.7696206364813418,0.7848956094945345,0.7626565029547758,0.6731111309445169,357.3896365033319
110,Gamer,1.0,0.7059218434014488,0.6013929291912946,0.6475874912889997,0.7198084760767854,742.255835230423
241,Oficina,0.2662881268667413,0.5673473857485325,0.4181021558703707,0.12031680520441534,0.38996879517526417,252.29646593122564
286,Oficina,0.3107080669286973,0.43796188360464017,0.1827330453985964,0.33474216771504217,0.2964671814046077,336.42000765437587
47,Gamer,0.869905969557347,0.6399783122841205,0.6069802084990019,0.611468640313824,0.7113517345251248,1064.8522698084187
204,Oficina,0.11646529467402428,0.6645149127773389,0.2812401580970487,0.28098207102270273,0.41337768809320985,412.06986461772476
73,Gamer,0.8230593165555442,0.7717542255795962,0.7502357052096028,0.6574094780419776,0.8628615545571292,247.9594167140434
115,Gamer,0.7277872191108055,0.7712998430172388,0.5759674601841864,0.6125179192450403,0.7710959968203491,977.705324594416
177,Disenador,0.7474445929008555,0.9672729019259365,0.9434880123675546,0.6629385667913894,0.7271698710648344,100.0
34,Gamer,0.8558208718446,0.5857029702169376,0.6357787360348283,0.7060784526368235,0.8083051243175277,1221.520820813961
64,Gamer,1.0,0.6191701714644848,0.5160278157819224,0.5900607354555978,0.4876104275690193,589.6979913276956
340,Oficina,0.306020990749888,0.7259660038911078,0.4392415967178767,0.19910363742925014,0.34744256878080054,100.0
77,Gamer,0.8392969640045442,0.5964757677580625,0.5446350694652817,0.5302122107411151,0.8964725132916389,814.1054207886914
95,Gamer,0.9701213922163945,0.6591924626978448,0.39618754648221455,0.5491913689082596,0.5129208078974143,659.3946063834766
182,Disenador,0.8530283454031842,0.8738789159026513,0.8792766283343437,0.6803650150915022,0.6428398740585937,1181.3888817450793
180,Disenador,0.849626681944714,0.8006243416838688,0.77547344810722,0.6571884839034087,0.8000759790634311,1625.1108710567464
200,Disenador,0.5907006266468331,0.8940474737960399,0.8984289760858655,0.7552489954417148,0.6723914134064661,1882.070214986922
327,Oficina,0.0,0.7637748533659994,0.5056056809066052,0.27232389141291596,0.34451059993837135,392.83311122864853
229,Oficina,0.155671774880849,0.3615197285973099,0.38270539400765774,0.4211708480142343,0.21280988570686435,107.96579031848884
79,Gamer,0.7969498852389473,0.642418175935532,0.5724948302848356,0.4198078835264415,0.5484808937801448,1346.7497069778099
91,Gamer,0.9335692112065141,0.5870293145342381,0.6529804177915283,0.7941568620657901,0.45283554998727105,481.2418978118093
17,Gamer,0.8796120277064576,0.7261055272179889,0.600511345664246,0.6265412866624853,0.5584629257949585,631.7418708938563
67,Gamer,0.6786865470909123,0.8353872374165412,0.5885460154747382,0.7737816311973462,0.5405572341205632,560.2499908184909
288,Oficina,0.2738810480887503,0.5115367484013054,0.3064561297955405,0.3585982116175032,0.29640365548859515,471.20866974217176
8,Gamer,0.8384351717611759,0.6698896304410711,0.45214780096325724,0.5780155791605291,0.6539361229040213,1222.8488904875662
111,Gamer,0.7926337993119763,0.6453141058759607,0.5967246729784002,0.5956575228866235,0.6287154217322836,842.5720910767587
203,Oficina,0.12815927344308026,0.5394924376944441,0.3705050321707972,0.37477420726737337,0.2826509375756131,391.8491243335703
311,Oficina,0.18656912585294522,0.5310808273159782,0.4793488720552213,0.0751468026761819,0.48043402428781523,100.62620179464886
313,Oficina,0.16919657158142587,0.527966053226934,0.5310308746119609,0.3895683810789956,0.29378319734216973,318.61671893832084
138,Disenador,0.9798898123619251,0.8137161439560341,0.8643597982879383,0.84533844771177,0.8079572145730712,938.5699864233659
154,Disenador,0.7053566385449471,0.8694089992898307,0.9858905399887818,0.5973484700588939,0.6632969674146876,849.9395925304134
102,Gamer,0.7726210800896427,0.5755345296688582,0.4221279751095721,0.7996044311489183,0.7654365656354057,777.7661316358179
263,Oficina,0.22935579321666294,0.3143418195376595,0.44664299824335263,0.24643585177025165,0.18848681840944903,524.7109031685757
61,Gamer,0.9019346514241172,0.8532738913002578,0.5891239851543142,0.6901711722098942,0.7690143991711113,639.5118112456655
347,Oficina,0.26157711497711417,0.5703884437168816,0.3860553724319001,0.20498107351485884,0.3500527958856597,440.1810123393672
249,Oficina,0.04743436854299052,0.5762584103427182,0.34481418541075537,0.5058199285668252,0.2935752401342611,377.68269547955555
251,Oficina,0.2778361076166638,0.3948814283671467,0.31818011165776927,0.2496625542589048,0.33298153774750716,282.01579260090875
211,Oficina,0.25583269125217223,0.45760053914124116,0.45387559924463694,0.15793264069206336,0.36693608240360776,137.94282546425296
315,Oficina,0.1973594243041073,0.4780161158819607,0.3190396480078354,0.29240610444640897,0.30261606529290835,347.83215936825815
18,Gamer,0.815728548347323,0.6197722730778381,0.583871428833399,0.6904050856814539,0.888618590121053,869.8311251327356
141,Disenador,0.7450536290347567,0.9174819492166604,0.8101822382750161,0.738240974618405,0.6666452208213056,1446.2256320040747
25,Gamer,0.8759882794248424,0.778182287177731,0.4763049289121918,0.5179543386915724,0.7521941565616898,918.7938692932744
308,Oficina,0.14512750922590387,0.4592844901141115,0.4159856391997401,0.14723248590740418,0.47657078408647,220.07377276782486
332,Oficina,0.27250957868479975,0.5016178287114959,0.3358518404777048,0.29319225446739405,0.4300409525227682,463.14369947203613
223,Oficina,0.1786557129069792,0.5990726136849952,0.4148667457202112,0.21629140288819607,0.288659733645906,304.62954702678076
240,Oficina,0.18328782862135887,0.47825799504883,0.3751308873816453,0.4107345576019993,0.3990974951638251,460.2316679074726
346,Oficina,0.29653974845911707,0.5736130721806219,0.40886575909614375,0.26973157074055953,0.28823481045656496,302.5890715959425
198,Disenador,0.8418316606002313,0.6929499396376823,0.820829749074373,0.7940771187988216,0.5517512606461691,1087.6834250014876
133,Disenador,0.7771578837195373,0.7223251424179691,0.813515476767339,0.8053152853332903,0.6460444846143345,1540.7503486863122
259,Oficina,0.27660802783846905,0.5726933223884307,0.3899845923520047,0.2296326249823034,0.2622017413243439,225.967946894021
329,Oficina,0.1805091719647319,0.5633770096867065,0.4593556722280862,0.0,0.41559007765297606,379.2104292078162
335,Oficina,0.010638533304621445,0.47132937073729386,0.40012054753622245,0.16829113689318093,0.4159245668432405,490.6355206439838
20,Gamer,0.8307639035218877,0.7301547342333612,0.5965288230294756,0.5331321962380469,0.814282281451502,1100.7732130747097
140,Disenador,0.7465315112613219,0.873421473253652,1.0,0.6001645959261208,0.7484322398476584,1093.0055778872456
80,Gamer,1.0,0.6750963960443621,0.6576556963055766,0.6811250154543537,1.0,1247.8299645738307
117,Gamer,0.8826133022242117,0.5748886423614696,0.6924027019206901,0.6315097863557011,0.647727697948096,1219.6036903347558
19,Gamer,0.8757550390722764,0.6925554084233833,0.4081228784700958,0.6473486124550784,0.7060230209941026,1785.2968449941145
224,Oficina,0.16118231814587713,0.4670416222375488,0.4160573981049865,0.25030460201534144,0.39369381697463496,528.5969412179512
105,Gamer,1.0,0.6488784323568815,0.5010395179741419,0.6374213079900352,0.7055724912288694,1237.6766073883794
272,Oficina,0.15526781043412488,0.5781016361735113,0.40678555105274034,0.3352773675122219,0.39847328172944746,223.04650175136896
32,Gamer,0.8973237624573545,0.6927171087343127,0.5153206281931595,0.49851527753141356,0.6553485047932979,1142.559517729389
255,Oficina,0.16277932239289472,0.5588748619704186,0.5884586305934609,0.4043243528272189,0.30111505782137254,182.05738500664833
149,Disenador,0.809065483069231,0.9608703580582908,0.9656385744957892,0.7507274031107297,0.7566674689589155,1784.6477952228365
181,Disenador,0.715134786559214,0.8150742295681571,0.8742691959026094,0.907674798356084,0.6881935452231553,1415.0208235955347
333,Oficina,0.3188913371474643,0.5208303847201063,0.43514482075415833,0.35701502383164274,0.347347874075094,217.71880231584234
306,Oficina,0.27082144232565575,0.4733216131263502,0.49531366339132454,0.2787124165201824,0.2887562625359562,404.2255287809152
266,Oficina,0.09278609880143932,0.15786495165053926,0.4436559804157668,0.3403934841086195,0.11370675644581613,198.54039429350937
164,Disenador,0.5916097176514277,0.9260414656144297,0.9628640126920666,0.7425457561784964,0.5533023856870787,1176.1443219290102
60,Gamer,0.8480983792097311,0.5997470635362191,0.598148686400761,0.6211341361079862,0.732271856033809,469.10762257907083
148,Disenador,0.7010560557481778,0.9544160877069072,0.9545513191701049,0.8846707325736033,0.7083928185325964,1020.3539546064702
293,Oficina,0.13459243168725762,0.2669367103143543,0.4511202599524981,0.3873658545162958,0.3362551485372308,492.93118208044086
112,Gamer,0.8245022782579144,0.8503992988582688,0.33490301916069876,0.7591506851922463,0.8246085192497629,100.0
146,Disenador,0.732305277250595,0.7701702755461546,0.7896544617588378,0.626906996005808,0.6466873027126203,2097.278931758894
16,Gamer,0.859707754934804,0.7968644990532889,0.5297946906122647,0.6172337853402232,0.6607891846867842,214.59402074715263
221,Oficina,0.20566499248971074,0.502969275435673,0.3929501221940909,0.2986501643826202,0.356447441481012,100.0
7,Gamer,0.8708863595004755,0.5040329876120224,0.4671813951101569,0.6696861235869124,0.773846657999541,868.5473124759882
254,Oficina,0.09758131756707951,0.6354092566334189,0.5221033695525353,0.3082097703468616,0.3273515901150168,206.08411449147803
232,Oficina,0.33017412893987985,0.6061511196726853,0.4032004149065767,0.17465821296538164,0.3959972142939116,248.3426945371841
11,Gamer,0.802082576215471,0.6814341023336182,0.4893665025993972,0.5303793375919329,0.7812525822394197,1342.4960114283292
159,Disenador,0.7454413983644502,0.8743339449322691,0.8807011153714936,0.7352055396514297,0.5248460575809556,1921.8823020366299
278,Oficina,0.0,0.3892178012905568,0.5296994546561109,0.24771319377011178,0.2500697767705089,274.2837618157674
82,Gamer,0.7853427115757473,0.5918451996385604,0.7687141635072565,0.7381639756949451,0.6992027358683383,1391.9776555560102
220,Oficina,0.20103526198433808,0.3188163767649841,0.29348863369246275,0.21947752956453323,0.2890487797840717,321.9543045521831
197,Disenador,0.5807043185804615,0.840166037320525,0.8209127114279267,0.5896410682784229,0.6679894151153478,1896.0011431722996
173,Disenador,0.7899223122605279,0.9147195939702741,0.8613450830160501,0.8573986763290032,0.5274234336997659,467.81255989508986
176,Disenador,0.687443729849047,0.8895803533437409,0.9395224149026191,0.7260673765823906,0.5949694846154581,864.1883160309742
233,Oficina,0.4013387247526623,0.46365353310827373,0.36346784486878914,0.2684680305864908,0.21528737104703033,204.25789422340227
330,Oficina,0.19812912435541027,0.41114815469111143,0.5124112719986014,0.3447526462122858,0.27271223321763904,411.05784306868026
93,Gamer,0.9667782061659808,0.7254420843301213,0.6337602662075202,0.6088123033877533,0.6512393775927506,626.9767248721516
70,Gamer,0.8832314011979592,0.6251513463443445,0.7551151975522523,0.6615674634292859,0.8179297184063826,827.0073925640436
302,Oficina,0.22671266510114835,0.5008725023229934,0.24188092979678666,0.33950383140761153,0.30169389483165604,372.0189517978324
97,Gamer,0.8735614558108565,0.7770865193886967,0.4521413754220158,0.764375404320693,0.7338496407494414,633.8848344396795
144,Disenador,0.6947776955719028,0.9132931817755511,0.916233841668104,0.5484255885002768,0.8047505201330062,2097.9388365477607
268,Oficina,0.1354035820875465,0.3700807993349746,0.35172564778179677,0.15466713917412878,0.36226703159947954,593.7017687704341
98,Gamer,0.9132781866106284,0.9270692857804396,0.6181866255058495,0.6748220586300336,0.6540639100459755,460.0622522140833
345,Oficina,0.22653623493996286,0.3917241342388418,0.1561182841723571,0.2365720837813696,0.49227481360999403,488.93231033623886
69,Gamer,0.8620295631711898,0.7514438834058749,0.671161487808889,0.537535790816213,0.5465885829264377,1311.0707287594037
24,Gamer,0.9313517217369669,0.5769135683566045,0.6227459934604129,0.7807142754282428,0.5392516765438772,873.8535434129217
38,Gamer,0.9186260190374513,0.5387284128810348,0.5528068134210566,0.7588950596967367,0.7064280019095462,368.90208882827756
145,Disenador,0.6887211309515614,0.8112298440064015,0.9228692312579925,0.7334456789987025,0.7158544272672831,2205.1022693831746
123,Disenador,0.7908252755714472,0.6797416395762159,0.9823324509860515,0.7472597482413043,0.6756029734313875,1691.345491972757
68,Gamer,0.8505243699718182,0.7046980593764741,0.5549934528520756,0.7122849932347499,0.5932379570617405,743.0482059914826
280,Oficina,0.3615375689469442,0.41776795307886605,0.5217158520825497,0.4021316051922451,0.449831089814796,285.25695309229275
290,Oficina,0.279994190194205,0.2883689391563412,0.2946317580853646,0.14321970784208068,0.4450307591973576,606.5920058872888
126,Disenador,0.6576766753889096,0.7148315394383666,0.8219301397618134,0.8053641796607839,0.5550601111168058,2516.1910324186956
147,Disenador,0.6982388700963829,0.8723787951638898,0.8986861683141798,0.8188393273448084,0.9026932425873622,934.5656135398397
194,Disenador,0.8481765486991595,0.8175168616491377,0.7000475428101142,0.9290942572590741,0.5110427533236404,377.30062652155414
87,Gamer,0.9000917187624381,0.6022444755201448,0.6099332305429226,0.725138712337179,0.5330594718878627,1017.344076951974
296,Oficina,0.2043602446372454,0.6195051040430753,0.3377350638265548,0.2694607455237243,0.27575294143019513,151.99662331689413
210,Oficina,0.32276689924732926,0.32903589813087947,0.5672572386837704,0.2919019009366045,0.2794988144241591,341.6346383513441
297,Oficina,0.13882309090947148,0.4462963202951588,0.357069777548274,0.18075790201261438,0.20936825363281658,337.53416410569577
166,Disenador,0.7708382807947552,0.6458265131575709,0.8802258093983523,0.6318015752002201,0.5498379990105084,1059.4498535570226
267,Oficina,0.26191542610051977,0.6557495469711698,0.4020793707675408,0.17719970587708656,0.331710355889516,556.2314628722277
168,Disenador,0.7559630369920174,0.7853063222294426,0.9558578650890872,0.739348538542175,0.7395193220027733,1517.5859008409848
246,Oficina,0.31966314866456513,0.3890217095680618,0.38659828333270824,0.2514688194729197,0.27151016869177597,447.24206507657885
245,Oficina,0.14194765501952775,0.508857840442061,0.5669904504351406,0.2894671529822981,0.23041169379648152,416.69040023302114
243,Oficina,0.22407531794885685,0.7101683114180395,0.45655096456315447,0.07392372408441822,0.4253341621104532,407.1737577324167
130,Disenador,0.8121809962217197,0.6929775280109544,0.8418290259340105,0.6752481364448495,0.6425566570899954,1510.336048775339
39,Gamer,0.7784696290740032,0.7679597748934676,0.5269633368282863,0.6716458589581975,0.7045571839903814,539.3598609576732
12,Gamer,0.8427989878419666,0.8003532897892024,0.6361636025047634,0.5854880245394876,0.7361395605508414,1415.2146265863876
226,Oficina,0.08298869739406406,0.26980195624199804,0.4541462728204788,0.3259155160302647,0.292348959927328,100.0
184,Disenador,0.8416327674702482,0.8846488475897992,0.9798408087887722,0.410374462180631,0.8588374704780728,1130.2051859224132
113,Gamer,0.8157312405919651,0.6628559134004208,0.45924883052821786,0.5722183312409125,0.5889424154534171,1500.908177369449
225,Oficina,0.2949554135441324,0.30151020315500965,0.14460788650980455,0.34343199112392736,0.21331213015845787,316.2851897160975
256,Oficina,0.21408862469112042,0.27315606344371485,0.4323167714184782,0.23523974137013312,0.30339634981317576,110.79453990998067
118,Gamer,0.7795656309457241,0.559153870363644,0.4443370826476096,0.710600995134564,0.5719570647503717,1501.9176727937459
323,Oficina,0.15346895432199467,0.43940516456958645,0.6644343347017034,0.09970296716048466,0.37537396614945734,420.15397576481496
337,Oficina,0.17354851586893894,0.24961376355932466,0.4635418030209227,0.12607416051465276,0.3559932630266328,391.60654069372873
326,Oficina,0.022696753179311857,0.5761921500713991,0.30942676991373813,0.184623366135118,0.29043387059565073,556.1657139756226
317,Oficina,0.17412039373328977,0.6098647170504717,0.4560919447941239,0.22045196819708396,0.41969544045107354,299.9270765365985
165,Disenador,0.7496397460909432,0.7341635310807457,1.0,0.7877362290575671,0.6279035826170336,1213.4429194972654
282,Oficina,0.1535382702701607,0.47011596558728397,0.42832878715461425,0.22410950262959226,0.40866938014752746,278.76445150662136
325,Oficina,0.2621571889856051,0.41303896639563664,0.4377100393902187,0.24707371863150215,0.4626050250772168,342.2909414617271
155,Disenador,0.8695046628924843,0.6976813095216226,0.8552862522182729,0.737721187506452,0.8065524029234341,1167.124869463506
238,Oficina,0.16350472704571148,0.36607903326609936,0.29551908059789667,0.05336434106239982,0.5556207129940323,184.51874514174753
3,Gamer,0.8741962271566034,0.5086719755342202,0.42750821674869666,0.5937712470759028,0.5987168879665575,925.6989330381095
116,Gamer,0.813903383418092,0.8159329803364248,0.49189366724001027,0.7115935606944264,0.7593101257968383,676.1814242744039
248,Oficina,0.3726963851233405,0.41003638143853977,0.4224684725751886,0.343259083187309,0.2081634267066968,100.0
195,Disenador,0.8522570432009641,1.0,1.0,0.7563909120052359,0.7094754341665286,1626.707779390154
281,Oficina,0.24037300903366096,0.4475804393609084,0.3096298139269872,0.2824359281721603,0.2320960208840197,528.1519082692346
121,Disenador,0.7807801768892059,0.6789831607343374,0.792145166231543,0.7743264094022715,0.6670865438127942,1108.0083318236605
287,Oficina,0.23319803305690145,0.46904996797790666,0.470945181713904,0.20645136294301566,0.40131057981760826,311.0679983624124
199,Disenador,0.8050052099024552,0.7531655545136364,0.9084300404916769,0.5665974505081794,0.5898632356048786,1359.8909670712685
303,Oficina,0.3612220628255425,0.5396839315865531,0.3731469352094168,0.16088077745847124,0.13481845986706947,242.127002113637
128,Disenador,1.0,0.840394010027535,0.9919418661028541,0.6296823574874112,0.6465011509503038,2085.400317817755
75,Gamer,0.7195530499495146,0.7669672548830038,0.6366598246096848,0.5560120213672645,0.6486133082663306,376.3145912444194
284,Oficina,0.2513907849658915,0.4679581781939598,0.4350630099273559,0.29891871301476636,0.41347214685617695,516.4549762934334
30,Gamer,0.8776690799330019,0.7827183249036024,0.6013001891877907,0.7953534077157317,0.6735343166762043,1888.0676666358474
84,Gamer,0.7624381746615243,0.5617200269035664,0.6926177547531641,0.8409416640470131,0.5601432426180858,1025.1876946762284
291,Oficina,0.18955507814625286,0.43311782768099893,0.40700521631131814,0.366187830260819,0.2572646865809426,385.7553474102178
108,Gamer,0.8240408648636395,0.5496857046881893,0.5754256935914055,0.622727643025233,0.4303113357058428,778.2820533928751
230,Oficina,0.3471170327493609,0.42906763228481337,0.33309272613400837,0.35399046873960766,0.2894384460263136,623.9014570320404
212,Oficina,0.18887739386512997,0.359609235853521,0.32644700574102337,0.37360931752104376,0.45913101205942686,441.37071813607656
134,Disenador,0.7528318376130461,0.8529756139495746,0.9750627044780799,0.6483955271782625,0.6596120776940984,968.8623556474788
185,Disenador,0.8608182816737516,0.7460094072874469,0.9490219124050056,0.5946584436826343,0.5876231039304195,2157.015676933393
257,Oficina,0.25136001065697167,0.39672991603380886,0.28300831642897123,0.0,0.34724850949493635,615.8377395004616
45,Gamer,0.824743184860684,0.575221681803515,0.7632411303931635,0.5069858622039367,0.6559955513303015,852.2962309144366
322,Oficina,0.0,0.42139957781198895,0.5100959634998572,0.44583474542205936,0.22704504055475827,424.5048834854783
66,Gamer,0.7601585328651642,0.7491919171506505,0.46797667929793574,0.8331458765854354,0.8179440120721286,612.3297391581181
262,Oficina,0.2066990717224872,0.50159392177041,0.24374541431134575,0.19709473226537053,0.4294264679621827,161.8565865246126
86,Gamer,0.8770456825779839,0.6949761890550863,0.576105195313359,0.5592436337958402,0.6423228669431666,1102.1564903303024
187,Disenador,0.9903415585238275,0.8442381202966415,0.9160879237371974,0.8050654396007612,0.7605525932957984,1793.51515278019
71,Gamer,1.0,0.8755340842443204,0.5751035851520926,0.7471570950954356,0.7645375949585147,1347.4526230129395
160,Disenador,0.7417848821607431,0.9617295831588127,0.9274180277102163,0.7456753219153783,0.7069767280232204,1423.8542800086575
13,Gamer,0.8464173960890048,0.8564643655814006,0.3380254895910255,0.7321902504375224,0.708704706823817,680.397059813653
36,Gamer,0.9070890510693167,0.8135565640180599,0.6954001763493203,0.7151391251305799,0.6684730755359654,1103.587688197307
29,Gamer,0.8254611883997129,0.6246263835642509,0.5110485570374477,0.5684189715034562,0.6922898290585895,936.4607899266575
171,Disenador,0.80228354880355,0.7926299996061421,0.8980516326191214,0.9142270358611864,0.8227543170100712,1418.1618348370162
143,Disenador,0.6862612872693482,0.9689016531107552,1.0,0.6429253706250523,0.5667644426895772,1435.707778193202
151,Disenador,0.7868673308872901,0.8106661187672639,0.9022995858347854,0.8278451862607299,0.6691099068019903,1223.2182740780745
222,Oficina,0.10606646061812458,0.4355912444278385,0.27903052571588927,0.3099928729996205,0.5030750832343698,532.8142777545975
132,Disenador,0.8333922154548904,0.8959180079228437,0.8943867430833082,0.5339039066484008,0.6929618219132586,1303.8438435815556
247,Oficina,0.18790518513922186,0.49195324439070276,0.31125078221979,0.20625416996765894,0.42223813578277714,294.07502718623493
52,Gamer,0.9777664895788425,0.640842861116417,0.6547097381170037,0.6297807347566107,0.6782318796772779,1239.510740794876
96,Gamer,0.8518418379189552,0.8676437312275282,0.6326927373764163,0.6280899471191136,0.7829405581183488,100.0
269,Oficina,0.23230792731160294,0.4247646497873713,0.37081887310844563,0.09368091913033427,0.4383109777147159,338.3244204480797
179,Disenador,0.7032298798688108,0.8846503881730715,0.8962463536896653,0.7477040827223121,0.6576821891060256,558.5038879057151
205,Oficina,0.18147123411222918,0.4370179300266574,0.40438114719791096,0.23529979983715113,0.44638791167949093,681.5784502387028
124,Disenador,0.9165474444462577,0.9514370065018131,0.7527300614934684,0.5720423033264298,0.5875181422304321,1213.0455251054168
42,Gamer,0.8025054688839044,0.6346670767426288,0.7765454240281097,0.6904981710960956,0.5739116045664954,1167.1447788219104
90,Gamer,0.784816389219784,0.7047398671316414,0.5139586634716047,0.6115444455770175,0.800629280921444,569.2432521907405
334,Oficina,0.18369330360562364,0.37550973551935507,0.33248217250256185,0.23554813292844823,0.2707580079000038,303.805770554144
207,Oficina,0.3677700814076441,0.39464117582920055,0.4568983079185276,0.41283966231285385,0.31208722590125126,319.4629459846457
137,Disenador,0.7767050265869259,0.9389630795623437,0.9065827191420339,0.806548037506535,0.5982711549899629,1904.67372009279
27,Gamer,1.0,0.7473832920911787,0.4808696502797351,0.715655360863383,0.6025318329772678,1114.8338414969808
343,Oficina,0.13418835109247435,0.41962739712233355,0.26541290765267855,0.16807421402785022,0.30237791264553404,481.15837710690914
142,Disenador,0.7789168643907818,1.0,0.8489808012598947,0.6469003044998182,0.5876859473575236,922.2614404198727
292,Oficina,0.297519762978243,0.5001094169939846,0.4189581616598744,0.3501046092567141,0.07967677070007623,451.6812979296361
5,Gamer,0.7955617275474817,0.7110922589709866,0.4849006422577697,0.6875698018345672,0.6399361310081194,683.3225000826893
1,Gamer,0.8996714153011233,0.6861735698828815,0.6647688538100692,0.8023029856408026,0.6765846625276664,706.3452172203278
328,Oficina,0.2521122428379339,0.5145215585950057,0.4555604466003449,0.2589580681255249,0.3302661579692674,327.30900745197323
300,Oficina,0.22131966282376891,0.3748030668261181,0.3680946064333382,0.1703974143196511,0.4576007138598598,353.19674730079134
318,Oficina,0.3173124637586642,0.4869642192198094,0.38926978559957714,0.29477169258102776,0.19291238479315004,180.9848796635292
101,Gamer,0.9256988616645352,0.6077834675822374,0.686960592010566,0.7855637858804951,0.74134349032237,1550.7183250232265
227,Oficina,0.14537555517475173,0.4891804005402547,0.25210884312258713,0.2683359919779156,0.3484690150827004,436.8937249401632
193,Disenador,0.6861038252310497,0.7176910206592502,1.0,0.8009817089342633,0.5811849654822276,2326.217902672154
301,Oficina,0.39011906857530076,0.4439339186185379,0.32915932330895376,0.09862856073871729,0.16968603237440547,112.37960854917654
219,Oficina,0.30858955658315784,0.49746982328799527,0.3974973041254856,0.3317766299200287,0.48902075490173136,433.67154595277935
214,Oficina,0.2192049116490032,0.4190883535797499,0.41335409047822824,0.23475301636194562,0.420810867668859,493.5053475191876
104,Gamer,0.8981009231736713,0.7223884024279131,0.5209525544554687,0.6971468357135996,0.8882024496475034,1338.168018461991
172,Disenador,0.75380034781682,0.8620031326718262,0.9490814378184333,0.5977207434801594,0.6242623462576655,365.7079630612053
99,Gamer,0.9330335816544245,0.6143916174091132,0.6071566237219392,0.6022342553234884,0.7478979825746391,933.4648421147793
37,Gamer,0.7727174785462427,0.676318139325999,0.5514636452170896,0.6581874139386322,0.9314658566673508,100.0
216,Oficina,0.23885786045309643,0.6992999517432791,0.3993929088460107,0.3338490774451642,0.35818293585475647,335.1665520213286
62,Gamer,0.8724092481810417,0.7012592400781794,0.6097676098548831,0.5726990216144534,0.7024510174258942,999.1993164981799
48,Gamer,1.0,0.5762184501173151,0.8133033374656267,0.45479122004774986,0.6848214904964416,1035.3268825938305
33,Gamer,0.8714093744130204,0.5754261221288012,0.6173180925851182,0.6885317379728837,0.6116142563798866,861.4900423782111
201,Oficina,0.21252245026479075,0.4070594458874747,0.4122297503032284,0.3043298029036388,0.3548860070325704,356.0887536805824
312,Oficina,0.30325462043416573,0.5626705136827583,0.2909033569784802,0.20891857120454152,0.23942953315140642,317.7618454566897
28,Gamer,0.9658595579007404,0.6179317681648289,0.6963376129244322,0.6912780926936498,0.782206015999449,1558.717193061579
276,Oficina,0.2579633173213576,0.48257963165821666,0.41943843015773363,0.21468337071893118,0.3838483843461691,305.6897884791456
231,Oficina,0.26779258713392695,0.40120885918542976,0.6157308213265504,0.18942850769966615,0.4242095372009307,394.8938870609738
261,Oficina,0.1978632705651564,0.3752788320852177,0.15757597397270584,0.33840453963610495,0.4236843897092433,307.800866432268
163,Disenador,0.8340643548988724,0.7847376020697608,0.8643053253428177,0.5110459269054468,0.6047693680750923,100.0
299,Oficina,0.23191745104191805,0.5840450446023144,0.21248275303542555,0.2615026079147417,0.33398672044333594,450.70101146756986
139,Disenador,0.7079813182904142,0.8218215391139493,0.7924439591172578,0.6081348053515802,0.5495859233247933,816.1012174479358
63,Gamer,0.9951143607795041,0.7959270826085206,0.8153182457511556,0.573265243711195,0.7872320636720678,873.3368022953407
136,Disenador,0.7313128355838641,0.8060268941725824,1.0,0.7196554776511574,0.7531844539468635,457.21981348151405
129,Disenador,0.6873032942212233,1.0,0.956620154836438,0.6437533224105731,0.7132407739055521,1686.277224813365
9,Gamer,0.8843618289568461,0.5236959844637266,0.6324083969394795,0.6114917719583683,0.6323077999694041,1044.6705155363472
65,Gamer,0.7740867338446302,0.7150393786476207,0.6341755975777159,0.8376170839215886,0.7950423838186049,569.2385377350388
15,Gamer,0.7691506397106812,0.6498242956415463,0.6915402117702074,0.6828751109659684,0.647023979623296,1005.3069732453424
157,Disenador,0.6478767182869287,0.9208356447299353,0.9195040571016959,0.6435921369263271,0.5219695601329106,1636.2286641400724
41,Gamer,0.7707479261567299,0.68852635585331,0.6504987278980456,0.7365755194170122,0.5799703592944223,666.1995056636206
321,Oficina,0.002070018962421233,0.5247910256117534,0.2927256974260194,0.27392468641111495,0.5574082669749973,212.0923112620365
285,Oficina,0.24098186569285127,0.42587423453814577,0.46725737012027313,0.43998819348952156,0.33673662536174265,203.82060429940378
217,Oficina,0.29190764829877686,0.4209725455811349,0.42673923140719033,0.28216978061960135,0.2831909546356951,498.80635243047846
304,Oficina,0.17888697611723056,0.3512820472848816,0.38687430329076955,0.25768518829587683,0.3275144018191921,252.49961287648102
237,Oficina,0.20570131248970847,0.47685922788632573,0.5528468426412532,0.3007835756289624,0.40382960790496325,510.87610059647034
208,Oficina,0.14183190860513564,0.34852432693071334,0.3350722454933993,0.12760597332377432,0.3534083468259226,234.50401534120374
213,Oficina,0.09076872353274211,0.4183591550305198,0.5213097699979183,0.2641716913639905,0.5819329539981695,408.99767590915576
319,Oficina,0.08060749936009447,0.4642943094763707,0.5732514999485092,0.47313001461926324,0.4138051101440757,425.12667124166853
252,Oficina,0.26963874474567157,0.5455305208570511,0.40884068862918477,0.39775300810552616,0.23583108858664947,320.9510811080423
341,Oficina,0.1305286868910942,0.40907175618868963,0.3475911602065408,0.2652354872033722,0.2677580067617799,518.1546000986707
320,Oficina,0.019894226584726116,0.3957326200265978,0.32122162480917615,0.1879152401748884,0.33318561814152103,279.1864133454309
270,Oficina,0.18195200864093744,0.7693107567844861,0.42987529083656867,0.17482089499048156,0.30736424037944565,522.2668563795132
202,Oficina,0.12980083121932445,0.3837099082449052,0.2597394728200306,0.4249576743186939,0.22561367646087147,246.06422033061392
162,Disenador,0.682360769794073,1.0,0.8967873639484526,0.5569224897881951,0.6628104414910789,859.4741712625596
44,Gamer,0.8943819428146228,0.7774634053429337,0.5073069528421916,0.64404746439382,0.3758732659930927,390.24494346628404
218,Oficina,0.18250402433045915,0.3744254840507155,0.4536509843570404,0.16015320182089626,0.3528181157369128,348.6321505033695
191,Disenador,0.7202436496640008,0.987570681331162,0.8879955530373979,0.7125576453471542,0.6326928175716131,1207.7895237907337
260,Oficina,0.17735211080984734,0.4867365506816178,0.49135846262332494,0.1696821049319655,0.49926885689595213,309.33145984361465
106,Gamer,0.680753537028518,0.8529550319460614,0.5841992101421011,0.607311893005258,0.5987895624739832,138.05733125369227
54,Gamer,0.8824166352488442,0.6869856945632316,0.6096995964992717,0.7095157025436913,0.6181779316766527,1636.954910274184
2,Gamer,1.0,0.7767434729152909,0.5530525614065047,0.7042560043585965,0.6536582307187537,613.7080985718973
50,Gamer,0.8857015485965047,0.6307090404739345,0.6899599875433251,0.680729952087661,0.7812862118838959,1051.851536769445
81,Gamer,0.8372082408519234,0.6044459559399573,0.4393553679742427,0.6703463635867223,0.6243649254715696,231.09851616093033
206,Oficina,0.14425082149921664,0.31301970204209223,0.39117179516487455,0.5079709337654319,0.2696325432030269,595.8675208166101
35,Gamer,0.7122330632042908,0.6062174960084876,0.651503526720866,0.7013785950912209,0.7515047686306048,2341.0925962618885
264,Oficina,0.12654084232019508,0.3689747562985619,0.42005691972309434,0.3648637349428715,0.2484178181021603,359.25197747719574
92,Gamer,0.907707212718054,0.6796954613957007,0.6371145873371309,0.5896014813284179,0.7086589787472899,737.7291058431682
53,Gamer,0.9325416348988029,0.7813509636000638,0.7305478807154329,0.652100384163276,0.7681952971294963,675.8932973626175
265,Oficina,0.2428816500330573,0.5193105607263144,0.41764415552772255,0.21329721609166777,0.267240977935128,362.92158245695623
242,Oficina,0.14713833182502434,0.5086364018755093,0.5238283071433636,0.25212715767360616,0.38088330125989633,605.3322416952857
14,Gamer,0.8591760776535502,0.5012431085399107,0.5780328112162488,0.6857112571511746,0.8477894044741516,592.691912690541
89,Gamer,0.8759722501721482,0.6095683374895591,0.6638592458777374,0.48384799377310406,0.6933920201352683,315.5935200950173
274,Oficina,0.4062524919243145,0.34324670857457273,0.40242194566727585,0.39122205554154293,0.3420358608754285,417.8557694374601
167,Disenador,0.9297686526849522,0.914084286126701,0.8543056808173762,0.7572582781356159,0.7899355436586002,1662.3168414563843
344,Oficina,0.2262561329001925,0.46935899113675444,0.48508979621679726,0.23626282116006034,0.38904648499288896,334.5167370601256
135,Disenador,0.7065503772567684,0.819082787653136,0.9177707017306971,0.6521251378336522,0.7755756125573521,752.696348890248
307,Oficina,0.08562737926793383,0.4608559705776523,0.39667700093555397,0.22918831427274602,0.3371462488561069,100.0
336,Oficina,0.03924401356310259,0.37372752214337857,0.3230857650212702,0.1560096898891135,0.43294748419317486,320.92607918407947
244,Oficina,0.32897527540827454,0.5173181351269959,0.3861544016016226,0.12757017637106344,0.32909767427139747,222.421931868605
55,Gamer,0.7493982618500298,0.5785811387212267,0.7158110873500068,0.7291662693962936,0.7624119817052155,1051.338203705712
51,Gamer,0.7671004989077927,0.643981895980303,0.6747293605123261,0.7110370265433466,0.6979098406035852,846.9309533235128
175,Disenador,0.732737270005918,0.9383659937486672,0.9521858302730736,0.542360784301575,0.7976540349725896,1890.0456770737258
190,Disenador,0.7255843364709351,0.9464087168288358,0.9951576391139713,0.5772392184863007,0.7097400069849858,1550.5863711554491
348,Oficina,0.05561451838664583,0.2203819046862762,0.34494631505084167,0.12792875740858412,0.2991859802352689,327.8329521773793
188,Disenador,0.8138730222029185,0.7356995087269516,1.0,0.5853654606981311,0.6802635465239033,822.862074990321
170,Disenador,0.9235963803165249,0.8697910783462648,0.8478865597108441,0.6516114165945678,0.617965269180568,1412.0829732009581
59,Gamer,0.7781555778747564,0.6786552848288152,0.6310907565598004,0.7975356216949552,0.7857659623202019,736.0245880146291
49,Gamer,0.8780991867735033,0.6377300480179405,0.5791877749642724,0.6006999065341168,0.6410635243055788,1139.84083880841
236,Oficina,0.3328194141849058,0.505623000940066,0.4455887772081608,0.4665002344901084,0.2856481769619857,489.17601921218557
253,Oficina,0.1283177679397195,0.263346338292694,0.3917319314157301,0.23782524916167164,0.5013449743242131,444.62175268321664
22,Gamer,0.7509463674869311,0.6433702270397228,0.609965136508764,0.5996524345883801,0.5449336568933867,827.4251899224109
314,Oficina,0.03165618077790497,0.36941299335038114,0.4964851633097458,0.41155828235482317,0.22656511281200775,261.13036112706584
161,Disenador,0.8142722759867544,0.9829152530132431,0.9157216935761177,0.7709003757588512,0.6410264305712774,1920.0586077247362
277,Oficina,0.21684609762696144,0.581759753560796,0.2993457434720359,0.3639878561129045,0.48171150673398655,332.2897209513382
192,Disenador,0.6403724913104798,0.7059949117405705,1.0,0.6153038651681672,0.5508607650543693,123.30494319814261
294,Oficina,0.3612278257988646,0.5814914453584048,0.5639964529371393,0.3242127491071892,0.3575433638901593,109.70512821542474
258,Oficina,0.366125921454787,0.4042903743413728,0.33977879396382193,0.2968774256075024,0.2501614560811708,395.2687849729199
309,Oficina,0.2969457200526737,0.4927194361871685,0.3353772690156197,0.4275310892609512,0.23063631682435198,487.8731260415002
150,Disenador,0.8882158991037528,0.9148709887589642,0.8866305535746517,0.7146713686433322,0.7706508966508357,791.532164506382
131,Disenador,0.7677701000933254,0.7164655641289899,0.9304158280804771,0.7610585745283822,0.705979044793104,1740.3903627773109
152,Disenador,0.6140143859020081,0.924625356602722,0.951638734491286,0.916325472330546,0.6192221765046999,1309.5751638319696
100,Gamer,0.9537539944257899,0.6489983601145253,0.5730125064706628,0.5521236284217693,0.6555706739923888,950.9201972179409
88,Gamer,0.7837376241054153,0.7570598668593159,0.5236740843457482,0.46951178993354814,0.5372457562116837,819.2339786645528
331,Oficina,0.10283432654587141,0.31203818352110696,0.3373282775410035,0.33623934723827587,0.4453125045376086,426.96281301459396
215,Oficina,0.12140105394920506,0.31687670464422224,0.21637946268967034,0.30079913269125436,0.2396633393826126,100.0
122,Disenador,0.7518433933065393,0.8847581705361671,0.8568192255752511,0.6221695274597687,0.6695845255097682,710.8136111924839
350,Oficina,0.3039111787420269,0.44242357134645405,0.4670480617241213,0.14281427669598445,0.19462412339839352,472.68344870375427
21,Gamer,0.9291031947043047,0.6090612545205261,0.7402794310936099,0.5098148937207719,0.758685709380027,1676.1822503239914
189,Disenador,0.7435861653407008,0.882876241030348,0.9257085772360218,0.7421920754235284,0.8113711269058648,1426.7671507569898
72,Gamer,0.7535076539419895,0.7686051459998439,0.7058424486849588,0.4741260513576886,0.5816741487334225,100.0
107,Gamer,0.9323170583961915,0.7073317967188404,0.4710039100258946,0.5204921227936384,0.6664215300709871,1467.608610115757
271,Oficina,0.21132704105377645,0.30617220216826335,0.4919228934575204,0.18318559144610058,0.5373297776217545,512.0072098571973
349,Oficina,0.15467515909769866,0.5952467534470746,0.43267447646023205,0.28004743596108284,0.41222071440434016,179.17503233288463
103,Gamer,0.877996862631982,0.5874510952701623,0.8445751979616827,0.6629221181975228,0.7109394794604893,1090.3066495594767
